Restaurant Name,Google Score,Number of Reviews,Municipality,Address,Lat/Long,Specialty Cuisine
Ocean Pacific's Buque Insignia,4.6,12649,Santiago,"Ricardo Cumming 277 - Agustinas 2237, 8340471 Santiago, Región Metropolitana, Chile","-33.4418322, -70.6680087","establishment, food, home_goods_store, museum, point_of_interest, restaurant, store"
Casa Lastarria,4.6,3038,Santiago,"José Victorino Lastarria 70, local 1, 8320152 Santiago, Región Metropolitana, Chile","-33.4395827, -70.6413211","establishment, food, point_of_interest, restaurant"
Bocanáriz,4.5,4679,Santiago,"José Victorino Lastarria 276, 8320126 Santiago, Región Metropolitana, Chile","-33.4384002, -70.64131929999999","bar, establishment, food, point_of_interest, restaurant"
Casaluz Restaurant,4.5,2690,Santiago,"Av. Italia 805, 7501184 Providencia, Región Metropolitana, Chile","-33.4421855, -70.6264657","establishment, food, point_of_interest, restaurant"
La Cabrera,4.5,3604,Santiago,"Alonso de Córdova 4263, 7630530 Vitacura, Región Metropolitana, Chile","-33.4035466, -70.5885212","establishment, food, point_of_interest, restaurant"
Restaurant Viva La Vida,4.8,4070,Santiago,"Constitución 166, 7520367 Providencia, Región Metropolitana, Chile","-33.4323847, -70.6350521","bar, establishment, food, point_of_interest, restaurant"
Chipe Libre - República Independiente del Pisco,4.6,4970,Santiago,"José Victorino Lastarria 282, 8320165 Santiago, Región Metropolitana, Chile","-33.438316, -70.641375","establishment, food, point_of_interest, restaurant"
Restaurant Barrio Sur,4.6,634,Santiago,"Av. Viel 1502, 8360752 Santiago, Región Metropolitana, Chile","-33.4670614, -70.6558964","establishment, food, point_of_interest, restaurant"
La Cabrera Chile Isidora,4.6,2207,Santiago,"Isidora Goyenechea 3275, 7550129 Las Condes, Región Metropolitana, Chile","-33.4146907, -70.5966256","establishment, food, point_of_interest, restaurant"
Chilean Brunch,4.8,904,Santiago,"Ernesto Pinto Lagarrigue 191, 8420496 Recoleta, Región Metropolitana, Chile","-33.4323875, -70.6369339","bar, cafe, establishment, food, point_of_interest, restaurant, store"
Los Vikingos Restaurant,4.6,7915,Santiago,"Av. Ricardo Cumming 166, 8350538 Santiago, Región Metropolitana, Chile","-33.4429893, -70.6681595","establishment, food, point_of_interest, restaurant"
Las Vacas Gordas,4.5,6887,Santiago,"Cienfuegos 280, 8340461 Santiago, Región Metropolitana, Chile","-33.44113830000001, -70.66370049999999","establishment, food, point_of_interest, restaurant"
El Grandioso Caballo de Palo,4.5,1136,Cerrillos,"Cartagena 4148, 9210031 Cerrillos, Santiago, Región Metropolitana, Chile","-33.479463, -70.6903248","establishment, food, point_of_interest, restaurant"
Johnny Rockets,4.6,2913,Cerrillos,"Av. Américo Vespucio 1501, Cerrillos, Región Metropolitana, Chile","-33.5164076, -70.7161831","establishment, food, point_of_interest, restaurant"
Restaurant Valle Hermoso,4.5,545,Cerro Navia,"Av. José Joaquín Pérez 6683, 9080119 Santiago, Cerro Navia, Región Metropolitana, Chile","-33.42896330000001, -70.7274734","establishment, food, point_of_interest, restaurant"
Restaurante El Parrillero,4.5,300,Cerro Navia,"Av. José Joaquín Pérez 6549, 9080879 Cerro Navia, Región Metropolitana, Chile","-33.429244, -70.7254043","establishment, food, point_of_interest, restaurant"
AKIKOMO CERRO NAVIA,4.6,502,Cerro Navia,"Rolando Petersen 1680, 9090493 Cerro Navia, Región Metropolitana, Chile","-33.4174531, -70.7475858","establishment, food, meal_takeaway, point_of_interest, restaurant"
La Quintrala,4.8,497,Conchalí,"Catalina de Los Ríos 1949, 8550396 Conchalí, Región Metropolitana, Chile","-33.3774434, -70.6869074","establishment, food, point_of_interest, restaurant"
El Gordo Restaurante,4.6,552,Conchalí,"Av. Independencia 5187, 8561168 Conchalí, Región Metropolitana, Chile","-33.3806786, -70.682807","establishment, food, point_of_interest, restaurant"
Yelu Restaurant,4.5,845,Conchalí,"Av. Los Zapadores 2610, 8550849 Conchalí, Región Metropolitana, Chile","-33.3888103, -70.6860466","establishment, food, point_of_interest, restaurant"
Restaurant sing Hwa Independencia,4.5,638,Conchalí,"Av. Independencia 4219, 0000000 Conchalí, Región Metropolitana, Chile","-33.3895427, -70.6759639","establishment, food, point_of_interest, restaurant"
Empanaderia Don Lucho,4.8,309,Conchalí,"Eusebio Lillo 1905, 8550500 Conchalí, Región Metropolitana, Chile","-33.3793924, -70.68598949999999","establishment, food, point_of_interest, restaurant"
Casa Bosque Restaurant,4.6,5409,El Bosque,"Camino el Volcán 16829, Cajon de Maipo, Región Metropolitana, Chile","-33.5998564, -70.36086809999999","establishment, food, point_of_interest, restaurant"
Restaurante Peruano Rosita Rios,4.6,578,El Bosque,"Lo Moreno 1002, 8011861 El Bosque, Región Metropolitana, Chile","-33.5789148, -70.67600689999999","establishment, food, point_of_interest, restaurant"
Restaurant y Cabañas El Bosque,4.6,801,El Bosque,"Horcon bajo Paihuano, 1700000 Coquimbo, Paihuano, Coquimbo, Chile","-30.1934337, -70.48548199999999","establishment, food, point_of_interest, restaurant"
Palacio del Poroto,4.5,7426,Estación Central,"Gral. Amengual 494, 9160000 Estación Central, Región Metropolitana, Chile","-33.4599415, -70.69586799999999","establishment, food, point_of_interest, restaurant"
Parrilladas Argentina Alameda,4.6,9616,Estación Central,"Av. Alameda Libertador Bernardo O'Higgins 4470, 9160086 Estación Central, Región Metropolitana, Chile","-33.4559568, -70.69663469999999","establishment, food, point_of_interest, restaurant"
Angus Beef House,4.8,320,Huechuraba,"Av. del Valle Nte. 961, 1710, 8581150 Huechuraba, Región Metropolitana, Chile","-33.3885604, -70.61903040000001","establishment, food, point_of_interest, restaurant"
Rockstar | Restaurante | Bar | Pub,4.9,594,Huechuraba,"Av. Pedro Fontova Nte. 7280, local 121, 8580000 Huechuraba, Región Metropolitana, Chile","-33.3551908, -70.67128079999999","bar, establishment, food, point_of_interest, restaurant"
Restaurant Asia Perú,4.5,1032,Huechuraba,"Av. Pedro Fontova 7571, 8591133 Huechuraba, Región Metropolitana, Chile","-33.3516808, -70.6698371","establishment, food, point_of_interest, restaurant"
Del Carajo,4.7,2130,Independencia,"Hipódromo Chile 1570, 8380171 Independencia, Región Metropolitana, Chile","-33.4071773, -70.6618463","establishment, food, point_of_interest, restaurant"
Ramen One Independencia,4.8,1118,Independencia,"Patio de comidas, Avenida independencia 565, Mall Barrio - Av. Independencia, Santiago de Chile, local TM-302, 3083000 Independencia, Región Metropolitana, Chile","-33.4246863, -70.65472799999999","establishment, food, point_of_interest, restaurant"
Nueva China Independencia,4.6,5497,Independencia,"Av. Independencia 2054, 8380168 Independencia, Región Metropolitana, Chile","-33.4076337, -70.66103799999999","establishment, food, point_of_interest, restaurant"
Restaurante TACU TACU Independencia,4.5,1318,Independencia,"Bezanilla 1221, Independencia, Región Metropolitana, Chile","-33.4175367, -70.6569471","establishment, food, point_of_interest, restaurant"
Parrilladas Argentina Hipodromo,4.6,8988,Independencia,"Altamirano 2210, 8390181 Independencia, Región Metropolitana, Chile","-33.4071197, -70.6688156","establishment, food, point_of_interest, restaurant"
Panappetit,4.9,638,Independencia,"Av. Independencia 801, local 1, 8380490 Independencia, Región Metropolitana, Chile","-33.4221963, -70.6552461","bakery, cafe, establishment, food, meal_delivery, point_of_interest, restaurant, store"
Bar La Cervecería La Cisterna,4.6,1077,La Cisterna,"Gran Av. José Miguel Carrera 8157, 7970491 La Cisterna, Región Metropolitana, Chile","-33.5288455, -70.66226259999999","bar, establishment, food, point_of_interest, restaurant"
Sabor Oriental,4.5,620,La Cisterna,"Gran Av. José Miguel Carrera 8523, 7970683 La Cisterna, Región Metropolitana, Chile","-33.5337148, -70.6636491","establishment, food, point_of_interest, restaurant"
COMIC-LON,4.5,949,La Cisterna,"Av. Américo Vespucio 0300, 7970000 Santiago, La Cisterna, Región Metropolitana, Chile","-33.5364173, -70.6684058","establishment, food, meal_delivery, point_of_interest, restaurant, store"
JIMM RESTAURANT,4.5,2297,La Cisterna,"Av. Fernández Albano 1197, 7970000 La Cisterna, Región Metropolitana, Chile","-33.5263933, -70.6475273","establishment, food, point_of_interest, restaurant"
Texas Ribs Florida Center,4.9,576,La Florida,"vicuña mackena - Acceso Mall Florida Center 6100, Local 1117, 8240000 La Florida, Región Metropolitana, Chile","-33.5101105, -70.60697019999999","establishment, food, point_of_interest, restaurant"
COCINERIA DONDE YOYO'S,4.8,979,La Florida,"Av. La Florida 9233, 8242051 La Florida, Región Metropolitana, Chile","-33.5371433, -70.57311779999999","establishment, food, meal_delivery, meal_takeaway, point_of_interest, restaurant"
Bello Oriente,4.6,1538,La Florida,"Av. La Florida 7420, 8270890 La Florida, Región Metropolitana, Chile","-33.5218012, -70.5786835","establishment, food, point_of_interest, restaurant"
Sabor X2 La Florida,4.6,402,La Florida,"Serafín Zamora 87, 8240000 La Florida, Región Metropolitana, Chile","-33.5205823, -70.5995334","establishment, food, point_of_interest, restaurant"
MEGA AJISECO LA FLORIDA 8961,4.5,1019,La Florida,"Av. La Florida 8961, 8241429 La Florida, Región Metropolitana, Chile","-33.5332063, -70.5748729","establishment, food, point_of_interest, restaurant"
Kami Sushi La Granja,4.8,356,La Granja,"Av. Cardenal Raúl Silva Henríquez 10002, 8800444 La Granja, Región Metropolitana, Chile","-33.5503195, -70.6177593","establishment, food, point_of_interest, restaurant"
Savia Bar CL,4.9,1027,La Granja,"Alonso de Córdova 3080, Vitacura, Región Metropolitana, Chile","-33.4009763, -70.5987672","bar, establishment, food, point_of_interest, restaurant"
Incantum Chile,4.5,1259,La Granja,"Centro Parque Parque Araucano - Pdte. Riesco 5330, local 105, 7560996 Las Condes, Santiago, Región Metropolitana, Chile","-33.4033611, -70.57512609999999","establishment, food, point_of_interest, restaurant"
La Fuente Carrera,4.7,1765,La Granja,"Av. Larraín 6097, 7870187 La Reina, Región Metropolitana, Chile","-33.4533085, -70.5668294","bar, establishment, food, liquor_store, point_of_interest, restaurant, store"
Restaurante Sui Generis,4.7,602,La Pintana,"Pelantaro 13873, 8820000 La Pintana, Región Metropolitana, Chile","-33.5900553, -70.6500533","establishment, food, point_of_interest, restaurant"
Rishtedar La Reina,4.6,1234,La Reina,"Av. Príncipe de Gales 6500, 7850286 La Reina, Región Metropolitana, Chile","-33.4381564, -70.56476959999999","establishment, food, point_of_interest, restaurant"
Majka bistro,4.5,361,La Reina,"Av. Príncipe de Gales 7102, 7850291 La Reina, Región Metropolitana, Chile","-33.4386378, -70.5580849","establishment, food, point_of_interest, restaurant"
Rossie La Loca - La Reina,4.7,387,La Reina,"Aguas Claras 1700, Local 12, 8933618 La Reina, Región Metropolitana, Chile","-33.4391642, -70.5568456","bar, establishment, point_of_interest"
Nativo La Reina,4.5,392,La Reina,"Av. Príncipe de Gales 9140, 7860491 La Reina, Región Metropolitana, Chile","-33.4399398, -70.53524809999999","bar, establishment, food, point_of_interest, restaurant"
Mister Fish La Reina,4.5,437,La Reina,"Av. Francisco Bilbao 5359, 7850038 La Reina, Región Metropolitana, Chile","-33.4314761, -70.578257","bar, establishment, food, point_of_interest, restaurant"
"Restaurant ""El Dúo""",4.6,644,La Reina,"Av. Larraín 6367, 7870176 La Reina, Región Metropolitana, Chile","-33.4530421, -70.5639659","establishment, food, point_of_interest, restaurant"
Santa Brasa Plaza Egaña,4.5,1609,La Reina,"Av. Ossa 123, 7870151 La Reina, Región Metropolitana, Chile","-33.4525295, -70.569918","establishment, food, point_of_interest, restaurant"
Sol Sublime Restaurant,4.5,673,La Reina,"Av. Príncipe de Gales 6580, 7850286 Santiago, La Reina, Región Metropolitana, Chile","-33.4383546, -70.56373099999999","establishment, food, point_of_interest, restaurant"
Don Carlos,4.5,2456,Las Condes,"Isidora Goyenechea 2895, 7550101 Las Condes, Región Metropolitana, Chile","-33.414149, -70.60177399999999","establishment, food, point_of_interest, restaurant"
Pinpilinpausha,4.6,2961,Las Condes,"Isidora Goyenechea 2900, 7550033 Las Condes, Región Metropolitana, Chile","-33.4137939, -70.60173879999999","establishment, food, point_of_interest, restaurant"
Diablo Vino y Fuego Restaurante,4.7,965,Las Condes,"Mercado Urbano Tobalaba (MUT - Av. Apoquindo 2730, 5to Piso, 7550179 Las Condes, Región Metropolitana, Chile","-33.4176518, -70.6013263","establishment, food, point_of_interest, restaurant"
Happening,4.5,1899,Las Condes,"Av. Apoquindo 3090, 7550312 Las Condes, Región Metropolitana, Chile","-33.416711, -70.5976522","establishment, food, point_of_interest, restaurant"
Lumiére Bistró Restaurante,4.6,1133,Las Condes,"Puerta del Sol 19, 7580067 Las Condes, Región Metropolitana, Chile","-33.4124303, -70.5787114","establishment, food, point_of_interest, restaurant"
Le Due Torri Isidora,4.6,2680,Las Condes,"Isidora Goyenechea 2908, 7550033 Las Condes, Región Metropolitana, Chile","-33.41380150000001, -70.6015633","establishment, food, point_of_interest, restaurant"
Nolita Isidora Goyenechea,4.5,1145,Las Condes,"Isidora Goyenechea 3456, 7550071 Las Condes, Región Metropolitana, Chile","-33.41413, -70.5944794","establishment, food, point_of_interest, restaurant"
Kató Tasty Caos,4.7,407,Las Condes,"Isidora Goyenechea 3275, local 2, 7550129 Las Condes, Región Metropolitana, Chile","-33.4146907, -70.5966256","establishment, food, point_of_interest, restaurant"
Aligot restaurant,4.5,1114,Las Condes,"Isidora Goyenechea 2890, 7550033 Las Condes, Región Metropolitana, Chile","-33.413808, -70.60199469999999","establishment, food, point_of_interest, restaurant"
Tanaka La Dehesa,4.5,545,Lo Barnechea,"El Rodeo 13032, 7690771 Santiago, Lo Barnechea, Región Metropolitana, Chile","-33.3522299, -70.517146","establishment, food, point_of_interest, restaurant"
Barrica 94,4.5,831,Lo Barnechea,"Av. José Alcalde Délano 10533, local 1508, Lo Barnechea, Región Metropolitana, Chile","-33.3567819, -70.5400355","establishment, food, point_of_interest, restaurant"
Pizzería Capri Resto Bar,4.6,696,Lo Barnechea,"El Rodeo 13052, 7690771 Lo Barnechea, Región Metropolitana, Chile","-33.3522356, -70.5167338","establishment, food, point_of_interest, restaurant"
Kami Sushi Lo Espejo,4.6,556,Lo Espejo,"Av. Central Cardenal Raúl Silva Henríquez 6615, 9140063 Lo Espejo, Región Metropolitana, Chile","-33.5055194, -70.6919748","establishment, food, point_of_interest, restaurant"
Mi Vaquita Macul,4.6,952,Macul,"El Líbano 2968, 7810844 Macul, Región Metropolitana, Chile","-33.4823518, -70.588529","bar, establishment, food, point_of_interest, restaurant"
Restaurante Pollozolano,4.5,1680,Macul,"Av. Escuela Agrícola 1814, 7810000 Macul, Región Metropolitana, Chile","-33.4909233, -70.6142839","establishment, food, point_of_interest, restaurant"
Restaurant Payllay,4.6,1633,Macul,"Av. Pedro de Valdivia 5779, 7810107 Macul, Región Metropolitana, Chile","-33.4768059, -70.6063053","establishment, food, point_of_interest, restaurant"
Arabito Deluxe,4.9,1041,Macul,"Exequiel Fernández 2692, 7810468 Macul, Región Metropolitana, Chile","-33.4789078, -70.60122659999999","establishment, food, meal_delivery, meal_takeaway, point_of_interest, restaurant"
Bar La Cervecería Macul,4.6,1486,Macul,"Av. Macul 5311, 7820589 Macul, Región Metropolitana, Chile","-33.501469, -70.59514250000001","bar, establishment, food, point_of_interest, restaurant"
Amaia restaurante,4.6,1159,Maipú,"Primera Transversal 2100, Mercado municipal de maipu, 9250592 Maipú, Región Metropolitana, Chile","-33.5085469, -70.7539331","bakery, establishment, food, point_of_interest, restaurant, store"
La Terraza del Mirador,4.5,645,Maipú,"Republica 2118, 9251566 Maipú, Región Metropolitana, Chile","-33.5075848, -70.7673272","establishment, food, point_of_interest, restaurant"
FUSIÓN CHILE PERÚ,4.7,465,Maipú,"Manuel Rodríguez 1877, 9250000 Maipú, Región Metropolitana, Chile","-33.5098938, -70.75962779999999","establishment, food, point_of_interest, restaurant"
Chicken Love You ️ Maipú,4.6,838,Maipú,"Avenida Américo Vespucio 399, - Arauco Maipú / Local S536, 9293535 Maipú, Región Metropolitana, Chile","-33.4816202, -70.7518712","establishment, food, point_of_interest, restaurant"
Tao Restaurante,4.5,1552,Maipú,"Av. Los Pajaritos 2601, 9250749 Maipú, Región Metropolitana, Chile","-33.5034797, -70.75712990000001","establishment, food, point_of_interest, restaurant"
Patio Almeyda,4.5,1775,Ñuñoa,"Dublé Almeyda 2900, 7750074 Ñuñoa, Región Metropolitana, Chile","-33.4558115, -70.6012551","bar, establishment, food, point_of_interest, restaurant"
Castillo Hamburgo,4.7,1617,Ñuñoa,"Los Tres Antonios 397, 7750254 Ñuñoa, Región Metropolitana, Chile","-33.4583194, -70.6033061","establishment, food, point_of_interest, restaurant"
Punto País Restaurant,4.5,776,Ñuñoa,"Av. Simón Bolívar 3175, 7770110 Ñuñoa, Región Metropolitana, Chile","-33.4492307, -70.59656919999999","establishment, food, point_of_interest, restaurant"
Golfo di Napoli Trattoria e Pizzeria,4.6,23205,Ñuñoa,"Dublé Almeyda 2435, 7750147 Ñuñoa, Región Metropolitana, Chile","-33.455948, -70.605786","establishment, food, point_of_interest, restaurant"
El Ajiaco,4.5,793,Ñuñoa,"Lic. de Las Peñas 5174, 7790713 Ñuñoa, Región Metropolitana, Chile","-33.4530569, -70.5764405","establishment, food, point_of_interest, restaurant"
Terraza Vergel,4.6,306,Ñuñoa,"Av. Italia 1571, 7770207 Ñuñoa, Región Metropolitana, Chile","-33.4490585, -70.624408","bar, establishment, food, point_of_interest, restaurant"
Restaurant Hualañe,4.5,473,Pedro Aguirre Cerda,"8460778 Santiago, Pedro Aguirre Cerda, Santiago Metropolitan Region, Chile","-33.4788547, -70.67024959999999","establishment, food, point_of_interest, restaurant"
Kami Sushi Pedro Aguirre Cerda,4.8,430,Pedro Aguirre Cerda,"Club Hípico 5423, 8490537 Pedro Aguirre Cerda, Región Metropolitana, Chile","-33.498582, -70.67242449999999","establishment, food, point_of_interest, restaurant"
Bikerchop,4.6,382,Pedro Aguirre Cerda,"Av. Carlos Valdovinos 1989, 8460032 Pedro Aguirre Cerda, Región Metropolitana, Chile","-33.4786374, -70.6622773","bar, establishment, food, night_club, point_of_interest, restaurant"
Delicioso Hulk,4.5,472,Pedro Aguirre Cerda,"Baldomero Lillo 4805, 8480438 Pedro Aguirre Cerda, Región Metropolitana, Chile","-33.4902848, -70.6757375","establishment, food, point_of_interest, restaurant"
Refugio del Sol,4.6,341,Peñalolén,"Antupiren 9401, Local A, Peñalolén, Región Metropolitana, Chile","-33.4835112, -70.5340755","bar, establishment, food, point_of_interest, restaurant"
Restaurante y Bar Bravo's,4.5,374,Peñalolén,"1, 7940803, Antupiren 9401 Local, Santiago, Peñalolén, Región Metropolitana, Chile","-33.4835187, -70.5340681","bar, establishment, food, point_of_interest, restaurant"
Aleman Experto Quilín,4.6,397,Peñalolén,"Mar Tirreno 3349, 1020, 7921452 Peñalolén, Región Metropolitana, Chile","-33.4877753, -70.57827","establishment, food, point_of_interest, restaurant"
Mistura del Perú,4.6,1434,Peñalolén,"Av. los Orientales 5838, Peñalolén, Región Metropolitana, Chile","-33.4626874, -70.5721283","establishment, food, point_of_interest, restaurant"
Le Bistrot de Gaetan,4.7,5559,Providencia,"Sta. Magdalena 80, Local 7, 7510054 Providencia, Región Metropolitana, Chile","-33.4208641, -70.6100723","establishment, food, point_of_interest, restaurant"
TACU TACU Restaurante - Providencia,4.8,1379,Providencia,"Av. Andrés Bello 2233, Local 2217, 7510056 Providencia, Región Metropolitana, Chile","-33.4203473, -70.6104797","establishment, food, point_of_interest, restaurant"
Giratorio,4.5,8341,Providencia,"Av. Nueva Providencia 2250, 7500000 Providencia, Región Metropolitana, Chile","-33.421721, -70.6085958","establishment, food, point_of_interest, restaurant"
El Huerto,4.6,3091,Providencia,"Orrego Luco 54, Providencia, Región Metropolitana, Chile","-33.4228109, -70.6125428","establishment, food, point_of_interest, restaurant"
La Yunta Providencia,4.6,1728,Providencia,"Manuel Montt 748, 7500977 Providencia, Región Metropolitana, Chile","-33.4349707, -70.6163277","establishment, food, point_of_interest, restaurant"
Rishtedar,4.5,2420,Providencia,"Holanda 160, 7510021 Providencia, Región Metropolitana, Chile","-33.4207131, -70.60342","establishment, food, point_of_interest, restaurant"
Baco,4.5,6726,Providencia,"Nueva de Lyon 113, 7510054 Providencia, Región Metropolitana, Chile","-33.4207153, -70.610321","establishment, food, point_of_interest, restaurant"
Carrer Nou,4.6,2416,Providencia,"Miguel Claro 1802, 7501394 Providencia, Región Metropolitana, Chile","-33.4455205, -70.6168304","establishment, food, point_of_interest, restaurant"
Los Canallas,4.5,2259,Providencia,"Holanda 55, 7510006 Providencia, Región Metropolitana, Chile","-33.4198686, -70.6041659","establishment, food, point_of_interest, restaurant"
Gracielo Bar,4.6,3172,Providencia,"Cirujano Guzmán 194, 7500545 Providencia, Región Metropolitana, Chile","-33.426755, -70.6194854","bar, establishment, point_of_interest"
Peumayén Ancestral Food,4.5,1875,Providencia,"Constitución 136, 7520367 Providencia, Región Metropolitana, Chile","-33.4328182, -70.6350162","establishment, food, point_of_interest, restaurant"
"Restaurant ""La Pica De Francesco""",4.5,458,Pudahuel,"San Juan Valdés 9554-9556, 9031004 Pudahuel, Región Metropolitana, Chile","-33.4279367, -70.7684196","establishment, food, point_of_interest, restaurant"
Mosto's Restorant,4.5,557,Pudahuel,"La Estrella 425, 425, Pudahuel, Región Metropolitana, Chile","-33.4581754, -70.7514535","establishment, food, point_of_interest, restaurant"
Restorant IL Delicious,4.5,345,Pudahuel,"Salar Surire 1278, Pudahuel, Región Metropolitana, Chile","-33.433799, -70.7750319","establishment, food, point_of_interest, restaurant"
El Bajón a La Chilena,4.5,463,Pudahuel,"Av. Laguna Sur 7131, 9020000 Pudahuel, Región Metropolitana, Chile","-33.4621437, -70.7358668","establishment, food, point_of_interest, restaurant"
Chi Tak,4.5,348,Pudahuel,"Av. Américo Vespucio 499, Pudahuel, Santiago, Región Metropolitana, Chile","-33.45465370000001, -70.7684293","establishment, food, point_of_interest, restaurant"
Buen Sabor,4.6,1037,Pudahuel,"Buin 8740, 9040655 Pudahuel, Región Metropolitana, Chile","-33.4359122, -70.7516195","establishment, food, point_of_interest, restaurant"
CAFÉ VERGARA,4.5,360,Quilicura,"Raimundo Romo 393, 8700081 Quilicura, Región Metropolitana, Chile","-33.3675934, -70.73207529999999","bakery, bar, cafe, establishment, food, point_of_interest, restaurant, store"
La Barraca Sangucheria,4.7,328,Quilicura,"Sector, Avenida las Torres 437 ,Quilicura, 8700710 Valle Lo Campino, Santiago, Región Metropolitana, Chile","-33.3830619, -70.7291049","bar, establishment, food, point_of_interest, restaurant"
Sushi Sésamo Cocina Nikkei & Bar,4.6,990,Quilicura,"Lo Marcoleta # 261, Quilicura 22, 6277625 Santiago, Quilicura, Región Metropolitana, Chile","-33.3580507, -70.7312413","bar, establishment, food, point_of_interest, restaurant"
Restaurant EL CARMELO,4.5,462,Quinta Normal,"Tránsito 5238, 8500460 Quinta Normal, Región Metropolitana, Chile","-33.4352374, -70.7080301","establishment, food, point_of_interest, restaurant"
Capilla los Troncos,4.5,1391,Quinta Normal,"Progreso 1337, 8500409 Quinta Normal, Región Metropolitana, Chile","-33.4349736, -70.7021078","establishment, food, point_of_interest, restaurant"
Sangucheria CASACOMBI,4.6,588,Quinta Normal,"Dr. Raúl Denis 2677, 8520375 Quinta Normal, Región Metropolitana, Chile","-33.4144364, -70.6986599","establishment, food, point_of_interest, restaurant"
"Restaurante ""La Caleta""",4.5,778,Quinta Normal,"Alcérreca 1390, Quinta Normal, Región Metropolitana, Chile","-33.4342822, -70.69116540000002","establishment, food, point_of_interest, restaurant"
Chama's Quinta Normal,4.5,380,Quinta Normal,"Carmen Lidia 5251, 8520011 Quinta Normal, Región Metropolitana, Chile","-33.4110685, -70.7101711","establishment, food, point_of_interest, restaurant"
Bar Entretiempo,4.6,538,Quinta Normal,"Av. Carrascal 4598, Quinta Normal, Región Metropolitana, Chile","-33.422034, -70.69734869999999","bar, establishment, food, point_of_interest, restaurant"
Restaurant El Meson Nerudiano,4.6,1521,Recoleta,"Domínica 35, 8420339 Recoleta, Región Metropolitana, Chile","-33.4300664, -70.6366591","establishment, food, point_of_interest, restaurant"
Don Gaviota El Clásico,4.5,3100,Recoleta,"El Roble 1190, 8431502 Recoleta, Santiago, Región Metropolitana, Chile","-33.4018898, -70.6577301","establishment, food, point_of_interest, restaurant"
Secretos a Bordo,4.5,2318,Recoleta,"Muñoz Gamero 894, Recoleta, Región Metropolitana, Chile","-33.4003719, -70.64915839999999","establishment, food, point_of_interest, restaurant"
Korean Restaurant Sukine,4.5,2633,Recoleta,"Antonia López de Bello 244, 8420469 Recoleta, Región Metropolitana, Chile","-33.4317713, -70.6432426","establishment, food, point_of_interest, restaurant"
Restaurante Maranatha,4.5,384,Recoleta,"Las Torres 3268, 8440660 Recoleta, Región Metropolitana, Chile","-33.3973764, -70.6266205","establishment, food, point_of_interest, restaurant"
Restaurant Seoul,4.6,1220,Recoleta,"Sagrado Corazón 371, 8420391 Recoleta, Región Metropolitana, Chile","-33.4290742, -70.6435961","establishment, food, point_of_interest, restaurant"
Restaurante HANURI,4.7,530,Recoleta,"Sta. Filomena 170, 8420430 Santiago, Recoleta, Región Metropolitana, Chile","-33.4303937, -70.6408026","establishment, food, point_of_interest, restaurant"
La Bodeguilla de Cristóbal,4.5,435,Recoleta,"Domínica 5, Santiago, Recoleta, Región Metropolitana, Chile","-33.4303341, -70.6364641","establishment, food, point_of_interest, restaurant"
🪬 Horus Vegan,4.8,567,Recoleta,"Dardignac 68, 8420521 Recoleta, Región Metropolitana, Chile","-33.4335864, -70.6378442","establishment, food, point_of_interest, restaurant"
Misoya,4.6,1465,Recoleta,"Sta. Filomena 348, 8420414 Recoleta, Región Metropolitana, Chile","-33.4301941, -70.6436374","establishment, food, point_of_interest, restaurant"
Dae Jang Kum Restaurante,4.6,1709,Recoleta,"Bombero Núñez 174, Recoleta, Región Metropolitana, Chile","-33.4321632, -70.64003749999999","establishment, food, point_of_interest, restaurant"
La Pica Del Pescado Frito Renca,4.5,386,Renca,"Av. Jorge Hirmas 2778, 8641145 Santiago, Renca, Región Metropolitana, Chile","-33.4180737, -70.6837484","establishment, food, point_of_interest, restaurant"
Restaurant he wo,4.5,637,Renca,"Av. Domingo Sta. María 3685, 8640704 Renca, Región Metropolitana, Chile","-33.4079218, -70.6960418","establishment, food, point_of_interest, restaurant"
COSTAS DE MÀNCORA SAN JOAQUÍN CHILE,4.7,445,San Joaquín,"Av. Vicuña Mackenna 5343, 8940833 San Joaquín, Región Metropolitana, Chile","-33.5055235, -70.6148475","establishment, food, point_of_interest, restaurant"
Sangucheria tio Cucho,4.6,1167,San Joaquín,"Pje. Benozzo Gozzoli 5543-5545, 8960497 San Joaquín, Región Metropolitana, Chile","-33.5080557, -70.62882189999999","establishment, food, point_of_interest, restaurant"
Restaurante Okita,4.5,2373,San Miguel,"Av. La Marina 1190, 8920059 San Miguel, Región Metropolitana, Chile","-33.4978415, -70.6552699","bar, establishment, food, point_of_interest, restaurant"
Magic Restaurant,4.5,429,San Miguel,"Av. Departamental 1219, 8920203 San Miguel, Región Metropolitana, Chile","-33.5025584, -70.6572996","establishment, food, point_of_interest, restaurant"
Bar Avenida,4.8,404,San Miguel,"Gran Av. José Miguel Carrera 4308, 8900000 San Miguel, Región Metropolitana, Chile","-33.4935073, -70.6517333","bar, establishment, food, point_of_interest, restaurant"
Pub Los Amigos,4.5,4065,San Miguel,"Gran Av. José Miguel Carrera 5963, San Miguel, Región Metropolitana, Chile","-33.5093492, -70.65690049999999","bar, establishment, food, point_of_interest, restaurant"
DOÑA DORIS RESTAURANT - (ex Restaurant Marcelino),4.5,487,San Miguel,"San Ignacio de Loyola 2627, 8910001 San Miguel, Región Metropolitana, Chile","-33.4779118, -70.65401709999999","establishment, food, point_of_interest, restaurant"
José Ramón 277: Chopería & Sanguchería,4.5,3249,San Ramón,"José Ramón Gutiérrez 277, 8320162 Santiago, Región Metropolitana, Chile","-33.4393379, -70.6406911","establishment, food, point_of_interest, restaurant"
La Mar,4.6,3108,Vitacura,"Av. Nueva Costanera 4076, 7630191 Vitacura, Región Metropolitana, Chile","-33.395535, -70.59765999999999","establishment, food, point_of_interest, restaurant"
Piegari Chile,4.7,2819,Vitacura,"Av. Nueva Costanera 4092, 7630191 Vitacura, Región Metropolitana, Chile","-33.3954005, -70.5975267","establishment, food, point_of_interest, restaurant"
Tanaka,4.5,1098,Vitacura,"Alonso de Córdova 4248, 7630504 Santiago, Vitacura, Región Metropolitana, Chile","-33.4030473, -70.58868919999999","establishment, food, point_of_interest, restaurant"
Rishtedar Vitacura,4.6,1794,Vitacura,"Av Vitacura 5461, 7630598 Vitacura, Región Metropolitana, Chile","-33.3950354, -70.5790121","establishment, food, point_of_interest, restaurant"
Rubaiyat,4.5,1482,Vitacura,"Av. Nueva Costanera 4031, 7630244 Vitacura, Región Metropolitana, Chile","-33.3963918, -70.5970912","establishment, food, point_of_interest, restaurant"
Panchita,4.5,1752,Vitacura,"Av. Nueva Costanera 3979, 7630268 Vitacura, Región Metropolitana, Chile","-33.397429, -70.59734999999999","establishment, food, point_of_interest, restaurant"
Arca Bar,4.7,1167,Vitacura,"Av. Nueva Costanera 3986, 7630000 Vitacura, Región Metropolitana, Chile","-33.3972025, -70.59793100000002","bar, establishment, food, point_of_interest, restaurant"
BordeRío,4.6,7322,Vitacura,"Costanera Sur S.J.E. de Balaguer 6400, 7640859 Vitacura, Región Metropolitana, Chile","-33.3815722, -70.5792292","bar, establishment, food, point_of_interest, restaurant"
La Bottega Gandolini,4.6,524,Vitacura,"Alonso de Córdova 2335, 7560873 Vitacura, Región Metropolitana, Chile","-33.4015235, -70.5941925","bar, cafe, establishment, food, point_of_interest, restaurant, store"
Restaurant Bidasoa,4.7,961,Vitacura,"Av Vitacura 4873, Santiago, Vitacura, Región Metropolitana, Chile","-33.39839800000001, -70.5852397","establishment, food, point_of_interest, restaurant"
La Maestranza Sandwich & Burger Bar,4.5,3087,Vitacura,"Av Vitacura 5468, 7630628 Vitacura, Región Metropolitana, Chile","-33.394598, -70.5791785","establishment, food, point_of_interest, restaurant"
Restaurant Fortaleza Peruana,4.5,1639,Puente Alto,"Balmaceda 197, parad.40, 8180915 Puente Alto, Región Metropolitana, Chile","-33.6099147, -70.5748449","establishment, food, point_of_interest, restaurant"
Maria Morena,4.6,502,Puente Alto,"Av. Concha y Toro 1060, 8167353 Puente Alto, Región Metropolitana, Chile","-33.6009159, -70.5789866","establishment, food, point_of_interest, restaurant"
Restaurant Peruano Limon Y Mar,4.6,1197,Puente Alto,"Av. Camilo Henríquez 4791, 8170151 Puente Alto, Región Metropolitana, Chile","-33.5524954, -70.5637059","establishment, food, point_of_interest, restaurant"
Joker Restaurante & bar karaoke,4.9,589,San Bernardo,"O'Higgins 279, 8071077 San Bernardo, Región Metropolitana, Chile","-33.5927133, -70.70070799999999","establishment, food, meal_takeaway, point_of_interest, restaurant, store"
